date,subways_total_estimated_ridership,division,train_line,wday_wnd,incident_type,incident_count
2020-03-01,2212965,A DIVISION,2,1,Persons on Trackbed/Police/Medical,1
2020-03-01,2212965,A DIVISION,2,1,Signals,1
2020-03-01,2212965,A DIVISION,4,1,Track,1
2020-03-01,2212965,A DIVISION,5,1,Persons on Trackbed/Police/Medical,1
2020-03-01,2212965,A DIVISION,6,1,Persons on Trackbed/Police/Medical,1
2020-03-01,2212965,B DIVISION,E,1,Persons on Trackbed/Police/Medical,1
2020-03-01,2212965,B DIVISION,E,1,Track,1
2020-03-01,2212965,B DIVISION,F,1,Signals,1
2020-03-01,2212965,B DIVISION,JZ,1,Persons on Trackbed/Police/Medical,1
2020-03-01,2212965,B DIVISION,L,1,Other,2
2020-03-01,2212965,B DIVISION,L,1,Persons on Trackbed/Police/Medical,1
2020-03-01,2212965,B DIVISION,L,1,Track,1
2020-03-01,2212965,B DIVISION,M,1,Persons on Trackbed/Police/Medical,1
2020-03-01,2212965,B DIVISION,M,1,Track,1
2020-03-01,2212965,B DIVISION,N,1,Subway Car,1
2020-03-01,2212965,B DIVISION,N,1,Track,1
2020-03-01,2212965,B DIVISION,Q,1,Other,2
2020-03-01,2212965,B DIVISION,Q,1,Signals,1
2020-03-01,2212965,B DIVISION,R,1,Persons on Trackbed/Police/Medical,1
2020-04-01,513481,A DIVISION,2,2,Signals,1
2020-04-01,513481,A DIVISION,6,1,Other,1
2020-04-01,513481,A DIVISION,6,2,Other,1
2020-04-01,513481,A DIVISION,7,1,Other,3
2020-04-01,513481,A DIVISION,7,2,Other,1
2020-04-01,513481,B DIVISION,D,2,Other,2
2020-04-01,513481,B DIVISION,F,1,Other,1
2020-04-01,513481,B DIVISION,G,1,Other,3
2020-04-01,513481,B DIVISION,G,2,Other,1
2020-04-01,513481,B DIVISION,JZ,2,Other,2
2020-04-01,513481,B DIVISION,M,1,Persons on Trackbed/Police/Medical,1
2020-04-01,513481,B DIVISION,M,2,Other,1
2020-04-01,513481,B DIVISION,N,1,Other,1
2020-04-01,513481,B DIVISION,R,1,Other,1
2020-05-01,494549,A DIVISION,2,1,Persons on Trackbed/Police/Medical,3
2020-05-01,494549,A DIVISION,2,1,Signals,1
2020-05-01,494549,A DIVISION,6,1,Persons on Trackbed/Police/Medical,1
2020-05-01,494549,B DIVISION,L,2,Persons on Trackbed/Police/Medical,1
2020-05-01,494549,B DIVISION,R,2,Persons on Trackbed/Police/Medical,1
2020-06-01,687162,A DIVISION,3,1,Signals,1
2020-06-01,687162,A DIVISION,4,1,Signals,1
2020-06-01,687162,A DIVISION,4,1,Subway Car,1
2020-06-01,687162,A DIVISION,4,1,Track,1
2020-06-01,687162,A DIVISION,6,1,Persons on Trackbed/Police/Medical,1
2020-06-01,687162,A DIVISION,7,1,Stations and Structure,1
2020-06-01,687162,B DIVISION,A,1,Signals,1
2020-06-01,687162,B DIVISION,A,1,Subway Car,1
2020-06-01,687162,B DIVISION,D,1,Persons on Trackbed/Police/Medical,1
2020-06-01,687162,B DIVISION,F,1,Persons on Trackbed/Police/Medical,1
2020-06-01,687162,B DIVISION,G,1,Signals,1
2020-06-01,687162,B DIVISION,N,1,Signals,1
2020-06-01,687162,B DIVISION,N,1,Stations and Structure,1
2020-06-01,687162,B DIVISION,N,1,Subway Car,2
2020-06-01,687162,B DIVISION,N,1,Track,1
2020-06-01,687162,B DIVISION,R,1,Persons on Trackbed/Police/Medical,1
2020-06-01,687162,B DIVISION,R,1,Subway Car,1
2020-07-01,1120537,A DIVISION,1,1,Other,1
2020-07-01,1120537,A DIVISION,1,1,Signals,1
2020-07-01,1120537,A DIVISION,1,1,Stations and Structure,1
2020-07-01,1120537,A DIVISION,2,1,Subway Car,1
2020-07-01,1120537,A DIVISION,2,2,Persons on Trackbed/Police/Medical,1
2020-07-01,1120537,A DIVISION,3,1,Persons on Trackbed/Police/Medical,2
2020-07-01,1120537,A DIVISION,3,2,Persons on Trackbed/Police/Medical,1
2020-07-01,1120537,A DIVISION,4,1,Persons on Trackbed/Police/Medical,1
2020-07-01,1120537,A DIVISION,4,1,Subway Car,1
2020-07-01,1120537,A DIVISION,4,2,Track,1
2020-07-01,1120537,A DIVISION,5,1,Persons on Trackbed/Police/Medical,1
2020-07-01,1120537,A DIVISION,5,1,Subway Car,1
2020-07-01,1120537,A DIVISION,6,1,Persons on Trackbed/Police/Medical,1
2020-07-01,1120537,A DIVISION,6,1,Signals,2
2020-07-01,1120537,A DIVISION,6,1,Track,1
2020-07-01,1120537,A DIVISION,7,1,Subway Car,1
2020-07-01,1120537,B DIVISION,A,1,Signals,1
2020-07-01,1120537,B DIVISION,B,1,Signals,1
2020-07-01,1120537,B DIVISION,C,1,Persons on Trackbed/Police/Medical,1
2020-07-01,1120537,B DIVISION,C,2,Signals,1
2020-07-01,1120537,B DIVISION,D,1,Track,1
2020-07-01,1120537,B DIVISION,D,2,Signals,1
2020-07-01,1120537,B DIVISION,E,1,Persons on Trackbed/Police/Medical,1
2020-07-01,1120537,B DIVISION,E,1,Signals,2
2020-07-01,1120537,B DIVISION,E,1,Track,2
2020-07-01,1120537,B DIVISION,F,1,Persons on Trackbed/Police/Medical,1
2020-07-01,1120537,B DIVISION,L,1,Persons on Trackbed/Police/Medical,1
2020-07-01,1120537,B DIVISION,L,1,Signals,1
2020-07-01,1120537,B DIVISION,L,2,Signals,1
2020-07-01,1120537,B DIVISION,N,1,Persons on Trackbed/Police/Medical,2
2020-07-01,1120537,B DIVISION,N,1,Signals,1
2020-07-01,1120537,B DIVISION,N,1,Track,3
2020-07-01,1120537,B DIVISION,Q,1,Persons on Trackbed/Police/Medical,1
2020-07-01,1120537,B DIVISION,R,1,Persons on Trackbed/Police/Medical,1
2020-07-01,1120537,B DIVISION,R,1,Signals,1
2020-08-01,842468,A DIVISION,2,1,Persons on Trackbed/Police/Medical,2
2020-08-01,842468,A DIVISION,2,1,Signals,2
2020-08-01,842468,A DIVISION,2,1,Subway Car,1
2020-08-01,842468,A DIVISION,3,1,Other,1
2020-08-01,842468,A DIVISION,3,1,Persons on Trackbed/Police/Medical,1
2020-08-01,842468,A DIVISION,3,1,Subway Car,1
2020-08-01,842468,A DIVISION,4,1,Persons on Trackbed/Police/Medical,1
2020-08-01,842468,A DIVISION,4,2,Persons on Trackbed/Police/Medical,1
2020-08-01,842468,A DIVISION,5,1,Other,1
2020-08-01,842468,A DIVISION,5,1,Persons on Trackbed/Police/Medical,1
2020-08-01,842468,A DIVISION,5,1,Signals,2
2020-08-01,842468,A DIVISION,7,1,Persons on Trackbed/Police/Medical,1
2020-08-01,842468,A DIVISION,7,1,Signals,2
2020-08-01,842468,A DIVISION,7,1,Stations and Structure,1
2020-08-01,842468,A DIVISION,7,1,Subway Car,1
2020-08-01,842468,B DIVISION,A,1,Persons on Trackbed/Police/Medical,2
2020-08-01,842468,B DIVISION,A,1,Signals,1
2020-08-01,842468,B DIVISION,A,2,Signals,1
2020-08-01,842468,B DIVISION,D,1,Other,1
2020-08-01,842468,B DIVISION,D,1,Persons on Trackbed/Police/Medical,1
2020-08-01,842468,B DIVISION,E,2,Other,1
2020-08-01,842468,B DIVISION,G,1,Other,1
2020-08-01,842468,B DIVISION,L,1,Other,1
2020-08-01,842468,B DIVISION,Q,1,Signals,1
2020-09-01,1469274,A DIVISION,1,2,Persons on Trackbed/Police/Medical,1
2020-09-01,1469274,A DIVISION,2,1,Signals,1
2020-09-01,1469274,A DIVISION,2,1,Subway Car,1
2020-09-01,1469274,A DIVISION,3,1,Stations and Structure,1
2020-09-01,1469274,A DIVISION,3,1,Track,1
2020-09-01,1469274,A DIVISION,4,1,Persons on Trackbed/Police/Medical,1
2020-09-01,1469274,A DIVISION,4,1,Track,1
2020-09-01,1469274,A DIVISION,4,2,Persons on Trackbed/Police/Medical,1
2020-09-01,1469274,A DIVISION,5,1,Signals,1
2020-09-01,1469274,A DIVISION,6,1,Signals,1
2020-09-01,1469274,A DIVISION,7,1,Persons on Trackbed/Police/Medical,1
2020-09-01,1469274,A DIVISION,7,1,Signals,1
2020-09-01,1469274,B DIVISION,A,2,Persons on Trackbed/Police/Medical,1
2020-09-01,1469274,B DIVISION,A,2,Track,1
2020-09-01,1469274,B DIVISION,C,1,Persons on Trackbed/Police/Medical,2
2020-09-01,1469274,B DIVISION,G,2,Signals,1
2020-09-01,1469274,B DIVISION,L,1,Signals,1
2020-09-01,1469274,B DIVISION,N,1,Signals,1
2020-09-01,1469274,B DIVISION,N,1,Track,1
2020-09-01,1469274,B DIVISION,Q,1,Persons on Trackbed/Police/Medical,1
2020-09-01,1469274,B DIVISION,R,2,Persons on Trackbed/Police/Medical,1
2020-10-01,1809958,A DIVISION,1,1,Persons on Trackbed/Police/Medical,1
2020-10-01,1809958,A DIVISION,2,1,Persons on Trackbed/Police/Medical,1
2020-10-01,1809958,A DIVISION,2,1,Signals,1
2020-10-01,1809958,A DIVISION,2,1,Subway Car,1
2020-10-01,1809958,A DIVISION,4,1,Persons on Trackbed/Police/Medical,1
2020-10-01,1809958,A DIVISION,4,1,Signals,1
2020-10-01,1809958,A DIVISION,5,1,Persons on Trackbed/Police/Medical,1
2020-10-01,1809958,A DIVISION,6,1,Persons on Trackbed/Police/Medical,1
2020-10-01,1809958,A DIVISION,6,1,Track,1
2020-10-01,1809958,A DIVISION,6,2,Persons on Trackbed/Police/Medical,1
2020-10-01,1809958,B DIVISION,A,1,Signals,1
2020-10-01,1809958,B DIVISION,A,2,Signals,1
2020-10-01,1809958,B DIVISION,B,1,Signals,1
2020-10-01,1809958,B DIVISION,C,1,Persons on Trackbed/Police/Medical,1
2020-10-01,1809958,B DIVISION,D,1,Signals,1
2020-10-01,1809958,B DIVISION,F,1,Signals,1
2020-10-01,1809958,B DIVISION,L,1,Signals,1
2020-10-01,1809958,B DIVISION,N,1,Persons on Trackbed/Police/Medical,1
2020-10-01,1809958,B DIVISION,N,2,Persons on Trackbed/Police/Medical,1
2020-11-01,786675,A DIVISION,1,1,Persons on Trackbed/Police/Medical,2
2020-11-01,786675,A DIVISION,1,2,Persons on Trackbed/Police/Medical,1
2020-11-01,786675,A DIVISION,2,1,Persons on Trackbed/Police/Medical,1
2020-11-01,786675,A DIVISION,2,1,Signals,1
2020-11-01,786675,A DIVISION,3,1,Other,1
2020-11-01,786675,A DIVISION,3,1,Signals,1
2020-11-01,786675,A DIVISION,4,1,Persons on Trackbed/Police/Medical,2
2020-11-01,786675,A DIVISION,5,1,Persons on Trackbed/Police/Medical,1
2020-11-01,786675,A DIVISION,6,1,Signals,1
2020-11-01,786675,A DIVISION,6,1,Track,1
2020-11-01,786675,A DIVISION,6,2,Persons on Trackbed/Police/Medical,1
2020-11-01,786675,A DIVISION,7,1,Subway Car,1
2020-11-01,786675,B DIVISION,B,1,Signals,1
2020-11-01,786675,B DIVISION,D,2,Signals,1
2020-11-01,786675,B DIVISION,F,1,Signals,1
2020-11-01,786675,B DIVISION,F,1,Stations and Structure,1
2020-11-01,786675,B DIVISION,G,1,Signals,1
2020-11-01,786675,B DIVISION,L,1,Other,1
2020-11-01,786675,B DIVISION,N,1,Other,3
2020-11-01,786675,B DIVISION,N,1,Signals,2
2020-11-01,786675,B DIVISION,R,1,Signals,2
2020-12-01,1706348,A DIVISION,2,1,Other,1
2020-12-01,1706348,A DIVISION,2,1,Persons on Trackbed/Police/Medical,2
2020-12-01,1706348,A DIVISION,2,2,Persons on Trackbed/Police/Medical,1
2020-12-01,1706348,A DIVISION,3,1,Persons on Trackbed/Police/Medical,1
2020-12-01,1706348,A DIVISION,3,1,Signals,1
2020-12-01,1706348,A DIVISION,3,2,Persons on Trackbed/Police/Medical,1
2020-12-01,1706348,A DIVISION,3,2,Stations and Structure,1
2020-12-01,1706348,A DIVISION,4,1,Other,1
2020-12-01,1706348,A DIVISION,5,1,Subway Car,1
2020-12-01,1706348,A DIVISION,6,1,Other,1
2020-12-01,1706348,A DIVISION,6,1,Persons on Trackbed/Police/Medical,2
2020-12-01,1706348,A DIVISION,6,2,Signals,1
2020-12-01,1706348,A DIVISION,7,1,Persons on Trackbed/Police/Medical,1
2020-12-01,1706348,A DIVISION,7,1,Signals,2
2020-12-01,1706348,A DIVISION,S 42nd,1,Subway Car,1
2020-12-01,1706348,B DIVISION,A,1,Signals,4
2020-12-01,1706348,B DIVISION,A,2,Persons on Trackbed/Police/Medical,1
2020-12-01,1706348,B DIVISION,B,1,Signals,2
2020-12-01,1706348,B DIVISION,C,1,Persons on Trackbed/Police/Medical,1
2020-12-01,1706348,B DIVISION,C,1,Signals,1
2020-12-01,1706348,B DIVISION,C,1,Track,1
2020-12-01,1706348,B DIVISION,C,2,Other,1
2020-12-01,1706348,B DIVISION,D,1,Other,1
2020-12-01,1706348,B DIVISION,D,1,Persons on Trackbed/Police/Medical,1
2020-12-01,1706348,B DIVISION,D,1,Signals,1
2020-12-01,1706348,B DIVISION,D,1,Track,1
2020-12-01,1706348,B DIVISION,E,1,Signals,1
2020-12-01,1706348,B DIVISION,JZ,1,Subway Car,1
2020-12-01,1706348,B DIVISION,N,1,Signals,3
2020-12-01,1706348,B DIVISION,N,1,Subway Car,1
2020-12-01,1706348,B DIVISION,Q,1,Other,1
2020-12-01,1706348,B DIVISION,Q,1,Signals,2
2020-12-01,1706348,B DIVISION,R,1,Signals,2
2020-12-01,1706348,B DIVISION,R,1,Subway Car,1
2021-01-01,613692,A DIVISION,1,1,Signals,1
2021-01-01,613692,A DIVISION,2,2,Track,1
2021-01-01,613692,A DIVISION,3,2,Persons on Trackbed/Police/Medical,1
2021-01-01,613692,A DIVISION,4,1,Other,1
2021-01-01,613692,A DIVISION,5,1,Signals,2
2021-01-01,613692,A DIVISION,6,1,Other,1
2021-01-01,613692,A DIVISION,6,2,Persons on Trackbed/Police/Medical,1
2021-01-01,613692,A DIVISION,7,1,Other,1
2021-01-01,613692,A DIVISION,7,1,Signals,1
2021-01-01,613692,A DIVISION,7,1,Stations and Structure,1
2021-01-01,613692,B DIVISION,B,1,Persons on Trackbed/Police/Medical,2
2021-01-01,613692,B DIVISION,C,1,Persons on Trackbed/Police/Medical,1
2021-01-01,613692,B DIVISION,C,2,Persons on Trackbed/Police/Medical,1
2021-01-01,613692,B DIVISION,D,1,Signals,2
2021-01-01,613692,B DIVISION,E,1,Persons on Trackbed/Police/Medical,1
2021-01-01,613692,B DIVISION,F,1,Other,1
2021-01-01,613692,B DIVISION,F,1,Signals,2
2021-01-01,613692,B DIVISION,L,1,Track,1
2021-01-01,613692,B DIVISION,L,2,Persons on Trackbed/Police/Medical,1
2021-01-01,613692,B DIVISION,L,2,Signals,1
2021-01-01,613692,B DIVISION,M,1,Persons on Trackbed/Police/Medical,1
2021-01-01,613692,B DIVISION,N,1,Signals,2
2021-01-01,613692,B DIVISION,N,2,Signals,1
2021-01-01,613692,B DIVISION,R,1,Persons on Trackbed/Police/Medical,2
2021-01-01,613692,B DIVISION,R,1,Signals,1
2021-01-01,613692,B DIVISION,S Fkln,2,Subway Car,1
2021-02-01,583230,A DIVISION,1,1,Other,2
2021-02-01,583230,A DIVISION,1,1,Signals,1
2021-02-01,583230,A DIVISION,2,1,Persons on Trackbed/Police/Medical,2
2021-02-01,583230,A DIVISION,2,1,Stations and Structure,1
2021-02-01,583230,A DIVISION,3,2,Subway Car,1
2021-02-01,583230,A DIVISION,5,1,Persons on Trackbed/Police/Medical,2
2021-02-01,583230,A DIVISION,5,1,Signals,1
2021-02-01,583230,A DIVISION,5,1,Track,1
2021-02-01,583230,A DIVISION,6,1,Persons on Trackbed/Police/Medical,2
2021-02-01,583230,A DIVISION,6,1,Signals,1
2021-02-01,583230,A DIVISION,7,1,Persons on Trackbed/Police/Medical,1
2021-02-01,583230,A DIVISION,7,1,Signals,1
2021-02-01,583230,A DIVISION,7,1,Stations and Structure,1
2021-02-01,583230,A DIVISION,7,1,Track,2
2021-02-01,583230,B DIVISION,A,1,Persons on Trackbed/Police/Medical,1
2021-02-01,583230,B DIVISION,A,1,Subway Car,1
2021-02-01,583230,B DIVISION,A,2,Persons on Trackbed/Police/Medical,1
2021-02-01,583230,B DIVISION,B,1,Signals,1
2021-02-01,583230,B DIVISION,B,1,Subway Car,2
2021-02-01,583230,B DIVISION,C,1,Persons on Trackbed/Police/Medical,1
2021-02-01,583230,B DIVISION,C,1,Stations and Structure,1
2021-02-01,583230,B DIVISION,E,1,Signals,1
2021-02-01,583230,B DIVISION,E,1,Subway Car,1
2021-02-01,583230,B DIVISION,F,2,Signals,1
2021-02-01,583230,B DIVISION,JZ,1,Other,2
2021-02-01,583230,B DIVISION,JZ,2,Other,1
2021-02-01,583230,B DIVISION,L,1,Persons on Trackbed/Police/Medical,1
2021-02-01,583230,B DIVISION,L,1,Signals,3
2021-02-01,583230,B DIVISION,L,1,Track,1
2021-02-01,583230,B DIVISION,L,2,Other,1
2021-02-01,583230,B DIVISION,L,2,Signals,1
2021-02-01,583230,B DIVISION,M,1,Persons on Trackbed/Police/Medical,1
2021-02-01,583230,B DIVISION,M,1,Stations and Structure,1
2021-02-01,583230,B DIVISION,M,2,Signals,1
2021-02-01,583230,B DIVISION,N,1,Other,3
2021-02-01,583230,B DIVISION,N,1,Signals,1
2021-02-01,583230,B DIVISION,Q,1,Signals,1
2021-02-01,583230,B DIVISION,R,1,Other,1
2021-02-01,583230,B DIVISION,R,1,Persons on Trackbed/Police/Medical,1
2021-02-01,583230,B DIVISION,S Fkln,1,Signals,1
2021-03-01,1696274,A DIVISION,2,1,Persons on Trackbed/Police/Medical,1
2021-03-01,1696274,A DIVISION,2,1,Track,1
2021-03-01,1696274,A DIVISION,3,1,Persons on Trackbed/Police/Medical,2
2021-03-01,1696274,A DIVISION,4,1,Persons on Trackbed/Police/Medical,1
2021-03-01,1696274,A DIVISION,4,1,Track,1
2021-03-01,1696274,A DIVISION,5,1,Persons on Trackbed/Police/Medical,2
2021-03-01,1696274,A DIVISION,5,1,Signals,1
2021-03-01,1696274,A DIVISION,6,1,Persons on Trackbed/Police/Medical,1
2021-03-01,1696274,A DIVISION,6,1,Signals,1
2021-03-01,1696274,A DIVISION,6,1,Track,1
2021-03-01,1696274,A DIVISION,7,1,Persons on Trackbed/Police/Medical,1
2021-03-01,1696274,A DIVISION,7,1,Signals,1
2021-03-01,1696274,B DIVISION,A,1,Track,1
2021-03-01,1696274,B DIVISION,D,1,Persons on Trackbed/Police/Medical,1
2021-03-01,1696274,B DIVISION,D,1,Signals,1
2021-03-01,1696274,B DIVISION,E,1,Persons on Trackbed/Police/Medical,1
2021-03-01,1696274,B DIVISION,F,1,Persons on Trackbed/Police/Medical,1
2021-03-01,1696274,B DIVISION,F,2,Signals,1
2021-03-01,1696274,B DIVISION,JZ,2,Persons on Trackbed/Police/Medical,1
2021-03-01,1696274,B DIVISION,M,1,Signals,1
2021-03-01,1696274,B DIVISION,N,1,Other,1
2021-03-01,1696274,B DIVISION,N,1,Track,1
2021-03-01,1696274,B DIVISION,Q,1,Track,1
2021-03-01,1696274,B DIVISION,R,1,Other,1
2021-03-01,1696274,B DIVISION,R,1,Persons on Trackbed/Police/Medical,1
2021-04-01,1841815,A DIVISION,1,1,Persons on Trackbed/Police/Medical,2
2021-04-01,1841815,A DIVISION,1,2,Persons on Trackbed/Police/Medical,1
2021-04-01,1841815,A DIVISION,3,1,Subway Car,1
2021-04-01,1841815,A DIVISION,3,2,Persons on Trackbed/Police/Medical,1
2021-04-01,1841815,A DIVISION,4,1,Persons on Trackbed/Police/Medical,1
2021-04-01,1841815,A DIVISION,4,1,Track,1
2021-04-01,1841815,A DIVISION,5,1,Signals,2
2021-04-01,1841815,A DIVISION,6,1,Persons on Trackbed/Police/Medical,1
2021-04-01,1841815,A DIVISION,6,1,Stations and Structure,1
2021-04-01,1841815,A DIVISION,7,1,Persons on Trackbed/Police/Medical,1
2021-04-01,1841815,A DIVISION,7,1,Signals,2
2021-04-01,1841815,B DIVISION,A,1,Persons on Trackbed/Police/Medical,1
2021-04-01,1841815,B DIVISION,B,1,Persons on Trackbed/Police/Medical,1
2021-04-01,1841815,B DIVISION,B,1,Signals,2
2021-04-01,1841815,B DIVISION,D,1,Track,1
2021-04-01,1841815,B DIVISION,E,1,Signals,1
2021-04-01,1841815,B DIVISION,F,1,Signals,1
2021-04-01,1841815,B DIVISION,L,2,Signals,1
2021-04-01,1841815,B DIVISION,N,1,Signals,1
2021-04-01,1841815,B DIVISION,N,1,Subway Car,1
2021-04-01,1841815,B DIVISION,N,1,Track,2
2021-04-01,1841815,B DIVISION,R,1,Signals,2
2021-04-01,1841815,B DIVISION,R,1,Subway Car,1
2021-05-01,1515211,A DIVISION,1,1,Persons on Trackbed/Police/Medical,1
2021-05-01,1515211,A DIVISION,1,1,Track,1
2021-05-01,1515211,A DIVISION,1,2,Persons on Trackbed/Police/Medical,1
2021-05-01,1515211,A DIVISION,2,1,Other,1
2021-05-01,1515211,A DIVISION,2,1,Stations and Structure,1
2021-05-01,1515211,A DIVISION,2,1,Subway Car,1
2021-05-01,1515211,A DIVISION,2,2,Subway Car,1
2021-05-01,1515211,A DIVISION,4,1,Other,1
2021-05-01,1515211,A DIVISION,4,1,Persons on Trackbed/Police/Medical,1
2021-05-01,1515211,A DIVISION,4,1,Subway Car,1
2021-05-01,1515211,A DIVISION,5,1,Other,1
2021-05-01,1515211,A DIVISION,5,1,Persons on Trackbed/Police/Medical,1
2021-05-01,1515211,A DIVISION,6,1,Subway Car,1
2021-05-01,1515211,A DIVISION,7,1,Other,1
2021-05-01,1515211,A DIVISION,7,1,Signals,3
2021-05-01,1515211,B DIVISION,A,1,Persons on Trackbed/Police/Medical,1
2021-05-01,1515211,B DIVISION,A,1,Stations and Structure,1
2021-05-01,1515211,B DIVISION,A,1,Track,2
2021-05-01,1515211,B DIVISION,B,1,Persons on Trackbed/Police/Medical,1
2021-05-01,1515211,B DIVISION,C,2,Subway Car,1
2021-05-01,1515211,B DIVISION,D,1,Signals,1
2021-05-01,1515211,B DIVISION,E,1,Other,1
2021-05-01,1515211,B DIVISION,E,1,Persons on Trackbed/Police/Medical,2
2021-05-01,1515211,B DIVISION,E,1,Signals,1
2021-05-01,1515211,B DIVISION,E,1,Track,1
2021-05-01,1515211,B DIVISION,E,2,Other,1
2021-05-01,1515211,B DIVISION,E,2,Signals,1
2021-05-01,1515211,B DIVISION,F,1,Other,2
2021-05-01,1515211,B DIVISION,F,1,Persons on Trackbed/Police/Medical,1
2021-05-01,1515211,B DIVISION,F,1,Signals,1
2021-05-01,1515211,B DIVISION,F,1,Stations and Structure,1
2021-05-01,1515211,B DIVISION,G,1,Signals,1
2021-05-01,1515211,B DIVISION,L,2,Track,1
2021-05-01,1515211,B DIVISION,N,1,Signals,2
2021-05-01,1515211,B DIVISION,Q,1,Persons on Trackbed/Police/Medical,1
2021-05-01,1515211,B DIVISION,Q,1,Signals,1
2021-05-01,1515211,B DIVISION,Q,2,Stations and Structure,1
2021-06-01,2258831,A DIVISION,1,1,Stations and Structure,1
2021-06-01,2258831,A DIVISION,2,1,Persons on Trackbed/Police/Medical,2
2021-06-01,2258831,A DIVISION,2,1,Subway Car,1
2021-06-01,2258831,A DIVISION,3,2,Signals,1
2021-06-01,2258831,A DIVISION,4,1,Persons on Trackbed/Police/Medical,2
2021-06-01,2258831,A DIVISION,4,1,Signals,1
2021-06-01,2258831,A DIVISION,5,1,Signals,1
2021-06-01,2258831,A DIVISION,5,1,Subway Car,2
2021-06-01,2258831,A DIVISION,6,1,Persons on Trackbed/Police/Medical,2
2021-06-01,2258831,A DIVISION,6,1,Signals,1
2021-06-01,2258831,A DIVISION,6,1,Stations and Structure,1
2021-06-01,2258831,A DIVISION,6,1,Subway Car,2
2021-06-01,2258831,A DIVISION,7,1,Signals,2
2021-06-01,2258831,A DIVISION,S 42nd,1,Subway Car,2
2021-06-01,2258831,B DIVISION,A,1,Stations and Structure,2
2021-06-01,2258831,B DIVISION,B,1,Signals,1
2021-06-01,2258831,B DIVISION,C,1,Persons on Trackbed/Police/Medical,1
2021-06-01,2258831,B DIVISION,D,1,Persons on Trackbed/Police/Medical,1
2021-06-01,2258831,B DIVISION,D,1,Signals,1
2021-06-01,2258831,B DIVISION,D,1,Subway Car,1
2021-06-01,2258831,B DIVISION,D,2,Stations and Structure,1
2021-06-01,2258831,B DIVISION,E,1,Other,1
2021-06-01,2258831,B DIVISION,E,1,Signals,5
2021-06-01,2258831,B DIVISION,E,1,Stations and Structure,1
2021-06-01,2258831,B DIVISION,E,1,Track,1
2021-06-01,2258831,B DIVISION,E,2,Stations and Structure,1
2021-06-01,2258831,B DIVISION,F,1,Persons on Trackbed/Police/Medical,1
2021-06-01,2258831,B DIVISION,F,1,Signals,3
2021-06-01,2258831,B DIVISION,F,1,Stations and Structure,2
2021-06-01,2258831,B DIVISION,F,1,Track,2
2021-06-01,2258831,B DIVISION,L,1,Signals,1
2021-06-01,2258831,B DIVISION,M,1,Signals,1
2021-06-01,2258831,B DIVISION,M,1,Stations and Structure,1
2021-06-01,2258831,B DIVISION,N,1,Persons on Trackbed/Police/Medical,1
2021-06-01,2258831,B DIVISION,N,1,Signals,1
2021-06-01,2258831,B DIVISION,N,2,Subway Car,1
2021-06-01,2258831,B DIVISION,Q,1,Persons on Trackbed/Police/Medical,1
2021-06-01,2258831,B DIVISION,Q,1,Subway Car,1
2021-06-01,2258831,B DIVISION,Q,1,Track,2
2021-06-01,2258831,B DIVISION,R,1,Signals,2
2021-06-01,2258831,B DIVISION,R,1,Stations and Structure,1
2021-07-01,2292461,A DIVISION,1,1,Persons on Trackbed/Police/Medical,1
2021-07-01,2292461,A DIVISION,2,1,Persons on Trackbed/Police/Medical,1
2021-07-01,2292461,A DIVISION,2,1,Track,1
2021-07-01,2292461,A DIVISION,3,1,Persons on Trackbed/Police/Medical,2
2021-07-01,2292461,A DIVISION,5,1,Signals,1
2021-07-01,2292461,A DIVISION,6,1,Persons on Trackbed/Police/Medical,1
2021-07-01,2292461,A DIVISION,6,1,Signals,1
2021-07-01,2292461,A DIVISION,6,1,Track,2
2021-07-01,2292461,A DIVISION,7,1,Signals,1
2021-07-01,2292461,A DIVISION,7,2,Signals,1
2021-07-01,2292461,B DIVISION,A,1,Signals,1
2021-07-01,2292461,B DIVISION,A,1,Track,1
2021-07-01,2292461,B DIVISION,B,1,Persons on Trackbed/Police/Medical,1
2021-07-01,2292461,B DIVISION,B,1,Stations and Structure,1
2021-07-01,2292461,B DIVISION,B,1,Subway Car,1
2021-07-01,2292461,B DIVISION,B,1,Track,1
2021-07-01,2292461,B DIVISION,C,2,Signals,1
2021-07-01,2292461,B DIVISION,D,1,Signals,1
2021-07-01,2292461,B DIVISION,E,1,Persons on Trackbed/Police/Medical,1
2021-07-01,2292461,B DIVISION,E,1,Stations and Structure,1
2021-07-01,2292461,B DIVISION,E,1,Track,2
2021-07-01,2292461,B DIVISION,F,1,Other,1
2021-07-01,2292461,B DIVISION,F,1,Signals,3
2021-07-01,2292461,B DIVISION,JZ,1,Track,1
2021-07-01,2292461,B DIVISION,L,1,Persons on Trackbed/Police/Medical,1
2021-07-01,2292461,B DIVISION,L,1,Subway Car,1
2021-07-01,2292461,B DIVISION,L,1,Track,1
2021-07-01,2292461,B DIVISION,M,1,Persons on Trackbed/Police/Medical,1
2021-07-01,2292461,B DIVISION,M,1,Track,1
2021-07-01,2292461,B DIVISION,N,1,Signals,2
2021-07-01,2292461,B DIVISION,N,1,Stations and Structure,1
2021-07-01,2292461,B DIVISION,N,1,Subway Car,1
2021-07-01,2292461,B DIVISION,N,1,Track,1
2021-07-01,2292461,B DIVISION,N,2,Signals,1
2021-07-01,2292461,B DIVISION,Q,1,Signals,1
2021-07-01,2292461,B DIVISION,R,1,Persons on Trackbed/Police/Medical,1
2021-07-01,2292461,B DIVISION,R,1,Signals,1
2021-07-01,2292461,B DIVISION,S Rock,2,Other,1
2021-08-01,1351294,,,2,Other,1
2021-08-01,1351294,A DIVISION,1,2,Stations and Structure,1
2021-08-01,1351294,A DIVISION,3,1,Persons on Trackbed/Police/Medical,1
2021-08-01,1351294,A DIVISION,4,1,Other,1
2021-08-01,1351294,A DIVISION,4,2,Track,1
2021-08-01,1351294,A DIVISION,5,1,Signals,1
2021-08-01,1351294,A DIVISION,6,1,Signals,2
2021-08-01,1351294,A DIVISION,6,1,Track,1
2021-08-01,1351294,A DIVISION,7,1,Other,1
2021-08-01,1351294,A DIVISION,7,1,Signals,2
2021-08-01,1351294,A DIVISION,S 42nd,1,Stations and Structure,1
2021-08-01,1351294,B DIVISION,C,1,Persons on Trackbed/Police/Medical,1
2021-08-01,1351294,B DIVISION,C,2,Signals,1
2021-08-01,1351294,B DIVISION,E,1,Persons on Trackbed/Police/Medical,1
2021-08-01,1351294,B DIVISION,E,1,Signals,2
2021-08-01,1351294,B DIVISION,L,1,Persons on Trackbed/Police/Medical,1
2021-08-01,1351294,B DIVISION,N,1,Signals,1
2021-08-01,1351294,B DIVISION,Q,1,Signals,2
2021-08-01,1351294,B DIVISION,Q,1,Subway Car,1
2021-08-01,1351294,B DIVISION,Q,2,Persons on Trackbed/Police/Medical,1
2021-08-01,1351294,B DIVISION,R,1,Signals,4
2021-08-01,1351294,B DIVISION,R,1,Track,1
2021-08-01,1351294,B DIVISION,R,2,Subway Car,1
2021-09-01,2294448,A DIVISION,1,1,Signals,1
2021-09-01,2294448,A DIVISION,2,1,Stations and Structure,1
2021-09-01,2294448,A DIVISION,3,1,Signals,1
2021-09-01,2294448,A DIVISION,4,1,Persons on Trackbed/Police/Medical,2
2021-09-01,2294448,A DIVISION,5,1,Signals,1
2021-09-01,2294448,A DIVISION,6,1,Persons on Trackbed/Police/Medical,1
2021-09-01,2294448,A DIVISION,6,1,Signals,3
2021-09-01,2294448,A DIVISION,6,1,Track,1
2021-09-01,2294448,A DIVISION,6,2,Stations and Structure,2
2021-09-01,2294448,A DIVISION,7,1,Signals,1
2021-09-01,2294448,A DIVISION,7,1,Track,1
2021-09-01,2294448,B DIVISION,A,1,Persons on Trackbed/Police/Medical,1
2021-09-01,2294448,B DIVISION,A,1,Signals,2
2021-09-01,2294448,B DIVISION,E,1,Other,1
2021-09-01,2294448,B DIVISION,E,1,Persons on Trackbed/Police/Medical,1
2021-09-01,2294448,B DIVISION,E,1,Signals,2
2021-09-01,2294448,B DIVISION,E,1,Stations and Structure,2
2021-09-01,2294448,B DIVISION,F,1,Other,1
2021-09-01,2294448,B DIVISION,F,1,Signals,1
2021-09-01,2294448,B DIVISION,F,1,Stations and Structure,1
2021-09-01,2294448,B DIVISION,F,1,Track,2
2021-09-01,2294448,B DIVISION,N,1,Persons on Trackbed/Police/Medical,1
2021-09-01,2294448,B DIVISION,N,1,Signals,1
2021-09-01,2294448,B DIVISION,Q,1,Other,1
2021-09-01,2294448,B DIVISION,Q,1,Persons on Trackbed/Police/Medical,1
2021-09-01,2294448,B DIVISION,Q,1,Subway Car,1
2021-09-01,2294448,B DIVISION,R,1,Signals,2
2021-10-01,3162881,A DIVISION,1,1,Persons on Trackbed/Police/Medical,1
2021-10-01,3162881,A DIVISION,1,1,Signals,1
2021-10-01,3162881,A DIVISION,2,1,Signals,1
2021-10-01,3162881,A DIVISION,3,1,Persons on Trackbed/Police/Medical,1
2021-10-01,3162881,A DIVISION,3,1,Subway Car,1
2021-10-01,3162881,A DIVISION,4,1,Persons on Trackbed/Police/Medical,1
2021-10-01,3162881,A DIVISION,5,1,Signals,1
2021-10-01,3162881,A DIVISION,6,1,Persons on Trackbed/Police/Medical,3
2021-10-01,3162881,A DIVISION,6,1,Signals,1
2021-10-01,3162881,A DIVISION,6,1,Subway Car,1
2021-10-01,3162881,B DIVISION,A,1,Persons on Trackbed/Police/Medical,1
2021-10-01,3162881,B DIVISION,C,2,Signals,1
2021-10-01,3162881,B DIVISION,C,2,Subway Car,1
2021-10-01,3162881,B DIVISION,D,1,Subway Car,1
2021-10-01,3162881,B DIVISION,D,1,Track,1
2021-10-01,3162881,B DIVISION,E,1,Persons on Trackbed/Police/Medical,1
2021-10-01,3162881,B DIVISION,F,1,Signals,2
2021-10-01,3162881,B DIVISION,F,1,Stations and Structure,1
2021-10-01,3162881,B DIVISION,G,1,Track,1
2021-10-01,3162881,B DIVISION,L,1,Signals,1
2021-10-01,3162881,B DIVISION,L,1,Subway Car,1
2021-10-01,3162881,B DIVISION,M,1,Signals,2
2021-10-01,3162881,B DIVISION,N,1,Signals,1
2021-10-01,3162881,B DIVISION,N,1,Track,1
2021-10-01,3162881,B DIVISION,R,1,Subway Car,2
2021-11-01,3034306,A DIVISION,1,1,Persons on Trackbed/Police/Medical,1
2021-11-01,3034306,A DIVISION,2,1,Signals,1
2021-11-01,3034306,A DIVISION,3,2,Persons on Trackbed/Police/Medical,1
2021-11-01,3034306,A DIVISION,4,1,Persons on Trackbed/Police/Medical,2
2021-11-01,3034306,A DIVISION,4,1,Signals,1
2021-11-01,3034306,A DIVISION,4,1,Track,1
2021-11-01,3034306,A DIVISION,4,2,Signals,1
2021-11-01,3034306,A DIVISION,5,1,Signals,1
2021-11-01,3034306,A DIVISION,5,1,Track,2
2021-11-01,3034306,A DIVISION,6,1,Persons on Trackbed/Police/Medical,1
2021-11-01,3034306,A DIVISION,6,1,Signals,1
2021-11-01,3034306,A DIVISION,6,1,Stations and Structure,1
2021-11-01,3034306,A DIVISION,7,1,Other,1
2021-11-01,3034306,A DIVISION,7,1,Persons on Trackbed/Police/Medical,3
2021-11-01,3034306,A DIVISION,S 42nd,2,Persons on Trackbed/Police/Medical,1
2021-11-01,3034306,B DIVISION,A,1,Other,1
2021-11-01,3034306,B DIVISION,A,1,Persons on Trackbed/Police/Medical,1
2021-11-01,3034306,B DIVISION,A,1,Subway Car,1
2021-11-01,3034306,B DIVISION,C,1,Persons on Trackbed/Police/Medical,1
2021-11-01,3034306,B DIVISION,C,1,Subway Car,1
2021-11-01,3034306,B DIVISION,E,1,Persons on Trackbed/Police/Medical,1
2021-11-01,3034306,B DIVISION,E,1,Signals,2
2021-11-01,3034306,B DIVISION,F,1,Persons on Trackbed/Police/Medical,1
2021-11-01,3034306,B DIVISION,F,1,Stations and Structure,1
2021-11-01,3034306,B DIVISION,JZ,1,Track,1
2021-11-01,3034306,B DIVISION,L,1,Signals,2
2021-11-01,3034306,B DIVISION,M,1,Signals,1
2021-11-01,3034306,B DIVISION,N,1,Persons on Trackbed/Police/Medical,3
2021-11-01,3034306,B DIVISION,N,1,Signals,1
2021-11-01,3034306,B DIVISION,R,1,Signals,1
2021-11-01,3034306,B DIVISION,R,1,Subway Car,1
2021-11-01,3034306,B DIVISION,R,2,Persons on Trackbed/Police/Medical,1
2021-12-01,3326469,A DIVISION,1,1,Signals,2
2021-12-01,3326469,A DIVISION,2,1,Persons on Trackbed/Police/Medical,1
2021-12-01,3326469,A DIVISION,3,1,Stations and Structure,1
2021-12-01,3326469,A DIVISION,3,1,Subway Car,1
2021-12-01,3326469,A DIVISION,3,2,Signals,1
2021-12-01,3326469,A DIVISION,4,1,Persons on Trackbed/Police/Medical,2
2021-12-01,3326469,A DIVISION,4,2,Persons on Trackbed/Police/Medical,2
2021-12-01,3326469,A DIVISION,5,1,Signals,1
2021-12-01,3326469,A DIVISION,6,1,Persons on Trackbed/Police/Medical,3
2021-12-01,3326469,A DIVISION,6,1,Signals,2
2021-12-01,3326469,A DIVISION,6,1,Subway Car,1
2021-12-01,3326469,A DIVISION,7,1,Persons on Trackbed/Police/Medical,1
2021-12-01,3326469,A DIVISION,7,1,Signals,1
2021-12-01,3326469,A DIVISION,7,2,Persons on Trackbed/Police/Medical,1
2021-12-01,3326469,B DIVISION,A,1,Signals,1
2021-12-01,3326469,B DIVISION,A,1,Subway Car,1
2021-12-01,3326469,B DIVISION,A,2,Persons on Trackbed/Police/Medical,1
2021-12-01,3326469,B DIVISION,E,1,Signals,2
2021-12-01,3326469,B DIVISION,F,1,Persons on Trackbed/Police/Medical,2
2021-12-01,3326469,B DIVISION,F,1,Signals,2
2021-12-01,3326469,B DIVISION,F,1,Subway Car,1
2021-12-01,3326469,B DIVISION,F,2,Persons on Trackbed/Police/Medical,1
2021-12-01,3326469,B DIVISION,JZ,2,Persons on Trackbed/Police/Medical,1
2021-12-01,3326469,B DIVISION,L,2,Persons on Trackbed/Police/Medical,2
2021-12-01,3326469,B DIVISION,N,1,Persons on Trackbed/Police/Medical,1
2021-12-01,3326469,B DIVISION,N,1,Signals,1
2021-12-01,3326469,B DIVISION,N,1,Stations and Structure,1
2021-12-01,3326469,B DIVISION,N,1,Track,1
2021-12-01,3326469,B DIVISION,R,1,Persons on Trackbed/Police/Medical,1
2021-12-01,3326469,B DIVISION,R,2,Persons on Trackbed/Police/Medical,1
2021-12-01,3326469,B DIVISION,R,2,Signals,1
2021-12-01,3326469,B DIVISION,S Fkln,1,Subway Car,1
2022-01-01,1027918,A DIVISION,2,1,Stations and Structure,2
2022-01-01,1027918,A DIVISION,2,1,Track,1
2022-01-01,1027918,A DIVISION,2,2,Signals,1
2022-01-01,1027918,A DIVISION,2,2,Track,1
2022-01-01,1027918,A DIVISION,3,1,Persons on Trackbed/Police/Medical,3
2022-01-01,1027918,A DIVISION,4,1,Persons on Trackbed/Police/Medical,1
2022-01-01,1027918,A DIVISION,4,1,Signals,1
2022-01-01,1027918,A DIVISION,4,2,Other,1
2022-01-01,1027918,A DIVISION,4,2,Signals,1
2022-01-01,1027918,A DIVISION,5,1,Persons on Trackbed/Police/Medical,1
2022-01-01,1027918,A DIVISION,5,1,Signals,1
2022-01-01,1027918,A DIVISION,6,1,Persons on Trackbed/Police/Medical,5
2022-01-01,1027918,A DIVISION,6,1,Subway Car,1
2022-01-01,1027918,A DIVISION,7,1,Persons on Trackbed/Police/Medical,2
2022-01-01,1027918,A DIVISION,7,1,Signals,1
2022-01-01,1027918,B DIVISION,A,1,Persons on Trackbed/Police/Medical,2
2022-01-01,1027918,B DIVISION,A,1,Signals,1
2022-01-01,1027918,B DIVISION,A,1,Track,2
2022-01-01,1027918,B DIVISION,C,2,Persons on Trackbed/Police/Medical,1
2022-01-01,1027918,B DIVISION,E,1,Signals,1
2022-01-01,1027918,B DIVISION,E,1,Stations and Structure,1
2022-01-01,1027918,B DIVISION,F,1,Other,1
2022-01-01,1027918,B DIVISION,JZ,2,Track,1
2022-01-01,1027918,B DIVISION,L,2,Subway Car,1
2022-01-01,1027918,B DIVISION,M,2,Persons on Trackbed/Police/Medical,1
2022-01-01,1027918,B DIVISION,N,1,Persons on Trackbed/Police/Medical,1
2022-01-01,1027918,B DIVISION,N,1,Signals,2
2022-01-01,1027918,B DIVISION,N,1,Track,2
2022-01-01,1027918,B DIVISION,N,2,Other,1
2022-01-01,1027918,B DIVISION,N,2,Signals,1
2022-01-01,1027918,B DIVISION,Q,1,Signals,1
2022-01-01,1027918,B DIVISION,Q,2,Persons on Trackbed/Police/Medical,1
2022-01-01,1027918,B DIVISION,Q,2,Signals,1
2022-01-01,1027918,B DIVISION,Q,2,Track,1
2022-02-01,2635083,A DIVISION,1,1,Signals,1
2022-02-01,2635083,A DIVISION,2,1,Persons on Trackbed/Police/Medical,2
2022-02-01,2635083,A DIVISION,2,1,Subway Car,1
2022-02-01,2635083,A DIVISION,3,1,Stations and Structure,1
2022-02-01,2635083,A DIVISION,3,1,Track,1
2022-02-01,2635083,A DIVISION,3,2,Persons on Trackbed/Police/Medical,1
2022-02-01,2635083,A DIVISION,4,1,Other,1
2022-02-01,2635083,A DIVISION,4,1,Persons on Trackbed/Police/Medical,1
2022-02-01,2635083,A DIVISION,4,1,Signals,1
2022-02-01,2635083,A DIVISION,5,1,Persons on Trackbed/Police/Medical,3
2022-02-01,2635083,A DIVISION,5,1,Signals,1
2022-02-01,2635083,A DIVISION,6,1,Persons on Trackbed/Police/Medical,2
2022-02-01,2635083,A DIVISION,6,1,Signals,1
2022-02-01,2635083,A DIVISION,6,1,Track,2
2022-02-01,2635083,A DIVISION,7,1,Persons on Trackbed/Police/Medical,1
2022-02-01,2635083,A DIVISION,7,1,Subway Car,1
2022-02-01,2635083,A DIVISION,7,1,Track,1
2022-02-01,2635083,B DIVISION,A,1,Persons on Trackbed/Police/Medical,1
2022-02-01,2635083,B DIVISION,A,1,Signals,3
2022-02-01,2635083,B DIVISION,A,1,Stations and Structure,1
2022-02-01,2635083,B DIVISION,C,2,Persons on Trackbed/Police/Medical,1
2022-02-01,2635083,B DIVISION,D,1,Signals,1
2022-02-01,2635083,B DIVISION,D,1,Stations and Structure,1
2022-02-01,2635083,B DIVISION,D,1,Subway Car,1
2022-02-01,2635083,B DIVISION,D,2,Signals,1
2022-02-01,2635083,B DIVISION,E,1,Track,3
2022-02-01,2635083,B DIVISION,F,1,Other,2
2022-02-01,2635083,B DIVISION,F,1,Persons on Trackbed/Police/Medical,1
2022-02-01,2635083,B DIVISION,F,1,Signals,1
2022-02-01,2635083,B DIVISION,F,2,Track,1
2022-02-01,2635083,B DIVISION,L,1,Persons on Trackbed/Police/Medical,1
2022-02-01,2635083,B DIVISION,L,1,Track,2
2022-02-01,2635083,B DIVISION,L,2,Persons on Trackbed/Police/Medical,1
2022-02-01,2635083,B DIVISION,M,1,Persons on Trackbed/Police/Medical,1
2022-02-01,2635083,B DIVISION,Q,1,Signals,1
2022-02-01,2635083,B DIVISION,Q,1,Stations and Structure,1
2022-02-01,2635083,B DIVISION,R,1,Track,1
2022-03-01,3138181,A DIVISION,1,1,Persons on Trackbed/Police/Medical,1
2022-03-01,3138181,A DIVISION,1,1,Stations and Structure,1
2022-03-01,3138181,A DIVISION,1,1,Track,1
2022-03-01,3138181,A DIVISION,2,1,Signals,1
2022-03-01,3138181,A DIVISION,2,1,Subway Car,1
2022-03-01,3138181,A DIVISION,2,2,Track,1
2022-03-01,3138181,A DIVISION,3,1,Persons on Trackbed/Police/Medical,1
2022-03-01,3138181,A DIVISION,3,1,Subway Car,1
2022-03-01,3138181,A DIVISION,3,2,Stations and Structure,1
2022-03-01,3138181,A DIVISION,4,1,Other,1
2022-03-01,3138181,A DIVISION,5,1,Other,1
2022-03-01,3138181,A DIVISION,5,1,Signals,1
2022-03-01,3138181,A DIVISION,6,1,Persons on Trackbed/Police/Medical,4
2022-03-01,3138181,A DIVISION,7,1,Other,2
2022-03-01,3138181,A DIVISION,7,1,Persons on Trackbed/Police/Medical,3
2022-03-01,3138181,A DIVISION,7,1,Stations and Structure,1
2022-03-01,3138181,A DIVISION,7,1,Subway Car,1
2022-03-01,3138181,A DIVISION,7,1,Track,1
2022-03-01,3138181,A DIVISION,7,2,Persons on Trackbed/Police/Medical,1
2022-03-01,3138181,B DIVISION,A,1,Subway Car,1
2022-03-01,3138181,B DIVISION,A,1,Track,1
2022-03-01,3138181,B DIVISION,B,1,Persons on Trackbed/Police/Medical,1
2022-03-01,3138181,B DIVISION,D,1,Persons on Trackbed/Police/Medical,1
2022-03-01,3138181,B DIVISION,D,1,Signals,1
2022-03-01,3138181,B DIVISION,D,1,Track,1
2022-03-01,3138181,B DIVISION,E,1,Signals,1
2022-03-01,3138181,B DIVISION,E,1,Stations and Structure,1
2022-03-01,3138181,B DIVISION,E,1,Track,2
2022-03-01,3138181,B DIVISION,F,1,Other,1
2022-03-01,3138181,B DIVISION,F,1,Persons on Trackbed/Police/Medical,1
2022-03-01,3138181,B DIVISION,F,1,Signals,1
2022-03-01,3138181,B DIVISION,F,1,Track,1
2022-03-01,3138181,B DIVISION,F,2,Persons on Trackbed/Police/Medical,1
2022-03-01,3138181,B DIVISION,L,1,Other,1
2022-03-01,3138181,B DIVISION,L,1,Persons on Trackbed/Police/Medical,1
2022-03-01,3138181,B DIVISION,M,1,Persons on Trackbed/Police/Medical,1
2022-03-01,3138181,B DIVISION,M,1,Track,1
2022-03-01,3138181,B DIVISION,N,1,Signals,2
2022-03-01,3138181,B DIVISION,Q,1,Persons on Trackbed/Police/Medical,1
2022-03-01,3138181,B DIVISION,Q,1,Stations and Structure,1
2022-03-01,3138181,B DIVISION,Q,1,Track,1
2022-03-01,3138181,B DIVISION,R,1,Persons on Trackbed/Police/Medical,3
2022-03-01,3138181,B DIVISION,R,1,Signals,2
2022-03-01,3138181,B DIVISION,R,1,Subway Car,1
2022-04-01,3237107,A DIVISION,1,1,Persons on Trackbed/Police/Medical,2
2022-04-01,3237107,A DIVISION,2,1,Persons on Trackbed/Police/Medical,1
2022-04-01,3237107,A DIVISION,2,1,Signals,1
2022-04-01,3237107,A DIVISION,2,1,Stations and Structure,1
2022-04-01,3237107,A DIVISION,2,1,Subway Car,1
2022-04-01,3237107,A DIVISION,2,1,Track,3
2022-04-01,3237107,A DIVISION,3,1,Persons on Trackbed/Police/Medical,1
2022-04-01,3237107,A DIVISION,3,1,Stations and Structure,1
2022-04-01,3237107,A DIVISION,3,1,Subway Car,1
2022-04-01,3237107,A DIVISION,5,1,Persons on Trackbed/Police/Medical,2
2022-04-01,3237107,A DIVISION,6,1,Persons on Trackbed/Police/Medical,1
2022-04-01,3237107,A DIVISION,6,1,Subway Car,1
2022-04-01,3237107,A DIVISION,7,1,Signals,1
2022-04-01,3237107,A DIVISION,7,2,Stations and Structure,1
2022-04-01,3237107,B DIVISION,A,1,Track,1
2022-04-01,3237107,B DIVISION,A,2,Persons on Trackbed/Police/Medical,1
2022-04-01,3237107,B DIVISION,C,1,Signals,1
2022-04-01,3237107,B DIVISION,C,1,Subway Car,1
2022-04-01,3237107,B DIVISION,D,2,Signals,1
2022-04-01,3237107,B DIVISION,E,1,Persons on Trackbed/Police/Medical,3
2022-04-01,3237107,B DIVISION,E,1,Signals,1
2022-04-01,3237107,B DIVISION,E,2,Signals,1
2022-04-01,3237107,B DIVISION,F,1,Persons on Trackbed/Police/Medical,1
2022-04-01,3237107,B DIVISION,F,1,Signals,1
2022-04-01,3237107,B DIVISION,F,1,Track,1
2022-04-01,3237107,B DIVISION,G,2,Track,1
2022-04-01,3237107,B DIVISION,L,1,Signals,1
2022-04-01,3237107,B DIVISION,M,1,Persons on Trackbed/Police/Medical,1
2022-04-01,3237107,B DIVISION,M,1,Signals,1
2022-04-01,3237107,B DIVISION,N,1,Persons on Trackbed/Police/Medical,2
2022-04-01,3237107,B DIVISION,N,2,Persons on Trackbed/Police/Medical,1
2022-04-01,3237107,B DIVISION,Q,2,Persons on Trackbed/Police/Medical,1
2022-04-01,3237107,B DIVISION,R,1,Persons on Trackbed/Police/Medical,2
2022-04-01,3237107,B DIVISION,R,1,Signals,1
2022-05-01,1683953,A DIVISION,1,2,Other,1
2022-05-01,1683953,A DIVISION,1,2,Subway Car,1
2022-05-01,1683953,A DIVISION,2,1,Persons on Trackbed/Police/Medical,1
2022-05-01,1683953,A DIVISION,2,1,Signals,1
2022-05-01,1683953,A DIVISION,2,2,Persons on Trackbed/Police/Medical,1
2022-05-01,1683953,A DIVISION,3,1,Persons on Trackbed/Police/Medical,2
2022-05-01,1683953,A DIVISION,3,1,Track,2
2022-05-01,1683953,A DIVISION,5,1,Stations and Structure,1
2022-05-01,1683953,A DIVISION,5,1,Subway Car,1
2022-05-01,1683953,A DIVISION,6,1,Persons on Trackbed/Police/Medical,1
2022-05-01,1683953,A DIVISION,6,1,Signals,1
2022-05-01,1683953,A DIVISION,6,1,Stations and Structure,1
2022-05-01,1683953,A DIVISION,7,1,Signals,2
2022-05-01,1683953,A DIVISION,7,1,Stations and Structure,1
2022-05-01,1683953,B DIVISION,A,2,Persons on Trackbed/Police/Medical,1
2022-05-01,1683953,B DIVISION,B,1,Persons on Trackbed/Police/Medical,1
2022-05-01,1683953,B DIVISION,B,1,Signals,1
2022-05-01,1683953,B DIVISION,C,1,Persons on Trackbed/Police/Medical,1
2022-05-01,1683953,B DIVISION,C,1,Signals,1
2022-05-01,1683953,B DIVISION,D,1,Signals,1
2022-05-01,1683953,B DIVISION,D,1,Track,1
2022-05-01,1683953,B DIVISION,E,1,Signals,1
2022-05-01,1683953,B DIVISION,E,1,Subway Car,1
2022-05-01,1683953,B DIVISION,F,1,Persons on Trackbed/Police/Medical,1
2022-05-01,1683953,B DIVISION,F,1,Signals,2
2022-05-01,1683953,B DIVISION,F,1,Stations and Structure,2
2022-05-01,1683953,B DIVISION,F,1,Track,1
2022-05-01,1683953,B DIVISION,L,1,Other,1
2022-05-01,1683953,B DIVISION,L,1,Stations and Structure,1
2022-05-01,1683953,B DIVISION,L,2,Track,1
2022-05-01,1683953,B DIVISION,M,1,Persons on Trackbed/Police/Medical,1
2022-05-01,1683953,B DIVISION,M,1,Stations and Structure,1
2022-05-01,1683953,B DIVISION,N,1,Signals,1
2022-05-01,1683953,B DIVISION,N,1,Subway Car,1
2022-05-01,1683953,B DIVISION,N,2,Signals,1
2022-05-01,1683953,B DIVISION,Q,1,Subway Car,1
2022-05-01,1683953,B DIVISION,Q,2,Persons on Trackbed/Police/Medical,1
2022-06-01,3381297,A DIVISION,1,1,Stations and Structure,1
2022-06-01,3381297,A DIVISION,1,2,Persons on Trackbed/Police/Medical,1
2022-06-01,3381297,A DIVISION,2,1,Subway Car,1
2022-06-01,3381297,A DIVISION,2,2,Subway Car,1
2022-06-01,3381297,A DIVISION,3,1,Persons on Trackbed/Police/Medical,2
2022-06-01,3381297,A DIVISION,3,2,Other,1
2022-06-01,3381297,A DIVISION,4,1,Signals,1
2022-06-01,3381297,A DIVISION,4,1,Subway Car,1
2022-06-01,3381297,A DIVISION,4,1,Track,1
2022-06-01,3381297,A DIVISION,5,1,Signals,2
2022-06-01,3381297,A DIVISION,6,1,Persons on Trackbed/Police/Medical,1
2022-06-01,3381297,A DIVISION,6,1,Signals,1
2022-06-01,3381297,A DIVISION,6,1,Stations and Structure,1
2022-06-01,3381297,A DIVISION,6,1,Track,1
2022-06-01,3381297,A DIVISION,7,1,Other,1
2022-06-01,3381297,A DIVISION,7,1,Persons on Trackbed/Police/Medical,1
2022-06-01,3381297,A DIVISION,7,1,Track,1
2022-06-01,3381297,B DIVISION,A,1,Persons on Trackbed/Police/Medical,1
2022-06-01,3381297,B DIVISION,B,1,Track,1
2022-06-01,3381297,B DIVISION,C,2,Signals,1
2022-06-01,3381297,B DIVISION,D,1,Other,1
2022-06-01,3381297,B DIVISION,D,1,Signals,1
2022-06-01,3381297,B DIVISION,E,1,Persons on Trackbed/Police/Medical,1
2022-06-01,3381297,B DIVISION,E,1,Signals,2
2022-06-01,3381297,B DIVISION,E,1,Stations and Structure,2
2022-06-01,3381297,B DIVISION,F,1,Signals,1
2022-06-01,3381297,B DIVISION,F,1,Stations and Structure,1
2022-06-01,3381297,B DIVISION,F,1,Track,1
2022-06-01,3381297,B DIVISION,JZ,1,Track,2
2022-06-01,3381297,B DIVISION,L,1,Signals,1
2022-06-01,3381297,B DIVISION,M,1,Persons on Trackbed/Police/Medical,2
2022-06-01,3381297,B DIVISION,M,1,Stations and Structure,1
2022-06-01,3381297,B DIVISION,M,1,Track,1
2022-06-01,3381297,B DIVISION,N,2,Track,1
2022-07-01,2827549,A DIVISION,1,1,Stations and Structure,2
2022-07-01,2827549,A DIVISION,1,1,Track,1
2022-07-01,2827549,A DIVISION,2,1,Other,1
2022-07-01,2827549,A DIVISION,2,1,Signals,1
2022-07-01,2827549,A DIVISION,2,1,Stations and Structure,1
2022-07-01,2827549,A DIVISION,2,2,Subway Car,1
2022-07-01,2827549,A DIVISION,3,1,Signals,1
2022-07-01,2827549,A DIVISION,3,1,Track,1
2022-07-01,2827549,A DIVISION,4,1,Persons on Trackbed/Police/Medical,1
2022-07-01,2827549,A DIVISION,4,1,Signals,2
2022-07-01,2827549,A DIVISION,4,1,Track,1
2022-07-01,2827549,A DIVISION,5,1,Other,1
2022-07-01,2827549,A DIVISION,5,1,Signals,2
2022-07-01,2827549,A DIVISION,6,1,Signals,2
2022-07-01,2827549,A DIVISION,7,1,Persons on Trackbed/Police/Medical,1
2022-07-01,2827549,B DIVISION,A,1,Persons on Trackbed/Police/Medical,2
2022-07-01,2827549,B DIVISION,A,1,Stations and Structure,1
2022-07-01,2827549,B DIVISION,A,1,Track,1
2022-07-01,2827549,B DIVISION,B,1,Track,2
2022-07-01,2827549,B DIVISION,C,1,Other,1
2022-07-01,2827549,B DIVISION,F,1,Other,1
2022-07-01,2827549,B DIVISION,F,1,Persons on Trackbed/Police/Medical,1
2022-07-01,2827549,B DIVISION,F,1,Stations and Structure,1
2022-07-01,2827549,B DIVISION,F,1,Track,2
2022-07-01,2827549,B DIVISION,F,2,Persons on Trackbed/Police/Medical,1
2022-07-01,2827549,B DIVISION,G,2,Persons on Trackbed/Police/Medical,1
2022-07-01,2827549,B DIVISION,JZ,1,Persons on Trackbed/Police/Medical,1
2022-07-01,2827549,B DIVISION,L,1,Stations and Structure,1
2022-07-01,2827549,B DIVISION,M,1,Subway Car,1
2022-07-01,2827549,B DIVISION,Q,1,Persons on Trackbed/Police/Medical,3
2022-08-01,2739262,A DIVISION,1,1,Persons on Trackbed/Police/Medical,1
2022-08-01,2739262,A DIVISION,1,1,Signals,1
2022-08-01,2739262,A DIVISION,2,1,Persons on Trackbed/Police/Medical,1
2022-08-01,2739262,A DIVISION,3,1,Persons on Trackbed/Police/Medical,1
2022-08-01,2739262,A DIVISION,4,1,Persons on Trackbed/Police/Medical,1
2022-08-01,2739262,A DIVISION,5,1,Persons on Trackbed/Police/Medical,2
2022-08-01,2739262,A DIVISION,5,1,Subway Car,1
2022-08-01,2739262,A DIVISION,6,1,Persons on Trackbed/Police/Medical,3
2022-08-01,2739262,A DIVISION,6,1,Signals,1
2022-08-01,2739262,A DIVISION,7,1,Track,2
2022-08-01,2739262,A DIVISION,S 42nd,1,Other,1
2022-08-01,2739262,A DIVISION,S 42nd,1,Subway Car,1
2022-08-01,2739262,B DIVISION,A,1,Track,1
2022-08-01,2739262,B DIVISION,C,2,Track,1
2022-08-01,2739262,B DIVISION,D,1,Signals,2
2022-08-01,2739262,B DIVISION,E,1,Signals,1
2022-08-01,2739262,B DIVISION,E,1,Subway Car,1
2022-08-01,2739262,B DIVISION,E,1,Track,1
2022-08-01,2739262,B DIVISION,E,2,Other,1
2022-08-01,2739262,B DIVISION,F,1,Track,1
2022-08-01,2739262,B DIVISION,L,2,Signals,1
2022-08-01,2739262,B DIVISION,M,1,Signals,2
2022-08-01,2739262,B DIVISION,N,1,Persons on Trackbed/Police/Medical,1
2022-08-01,2739262,B DIVISION,N,1,Signals,1
2022-08-01,2739262,B DIVISION,Q,2,Track,1
2022-08-01,2739262,B DIVISION,R,1,Persons on Trackbed/Police/Medical,3
2022-08-01,2739262,B DIVISION,R,1,Signals,1
2022-08-01,2739262,B DIVISION,R,1,Stations and Structure,1
2022-09-01,3114667,A DIVISION,1,1,Other,1
2022-09-01,3114667,A DIVISION,1,1,Signals,1
2022-09-01,3114667,A DIVISION,1,1,Track,1
2022-09-01,3114667,A DIVISION,2,1,Persons on Trackbed/Police/Medical,1
2022-09-01,3114667,A DIVISION,2,1,Signals,1
2022-09-01,3114667,A DIVISION,2,1,Subway Car,1
2022-09-01,3114667,A DIVISION,2,1,Track,2
2022-09-01,3114667,A DIVISION,3,1,Signals,1
2022-09-01,3114667,A DIVISION,4,1,Persons on Trackbed/Police/Medical,1
2022-09-01,3114667,A DIVISION,4,1,Signals,1
2022-09-01,3114667,A DIVISION,4,2,Other,1
2022-09-01,3114667,A DIVISION,4,2,Track,1
2022-09-01,3114667,A DIVISION,5,1,Other,1
2022-09-01,3114667,A DIVISION,5,1,Persons on Trackbed/Police/Medical,3
2022-09-01,3114667,A DIVISION,6,1,Signals,1
2022-09-01,3114667,A DIVISION,6,1,Subway Car,1
2022-09-01,3114667,A DIVISION,7,1,Track,1
2022-09-01,3114667,B DIVISION,A,1,Persons on Trackbed/Police/Medical,2
2022-09-01,3114667,B DIVISION,A,1,Signals,2
2022-09-01,3114667,B DIVISION,A,1,Stations and Structure,1
2022-09-01,3114667,B DIVISION,B,1,Track,1
2022-09-01,3114667,B DIVISION,D,1,Other,1
2022-09-01,3114667,B DIVISION,D,1,Signals,1
2022-09-01,3114667,B DIVISION,E,1,Persons on Trackbed/Police/Medical,1
2022-09-01,3114667,B DIVISION,E,1,Signals,1
2022-09-01,3114667,B DIVISION,E,1,Stations and Structure,1
2022-09-01,3114667,B DIVISION,E,1,Track,1
2022-09-01,3114667,B DIVISION,F,1,Persons on Trackbed/Police/Medical,1
2022-09-01,3114667,B DIVISION,L,1,Persons on Trackbed/Police/Medical,1
2022-09-01,3114667,B DIVISION,L,1,Stations and Structure,1
2022-09-01,3114667,B DIVISION,M,1,Persons on Trackbed/Police/Medical,2
2022-09-01,3114667,B DIVISION,N,1,Persons on Trackbed/Police/Medical,1
2022-09-01,3114667,B DIVISION,N,1,Subway Car,1
2022-09-01,3114667,B DIVISION,N,1,Track,2
2022-09-01,3114667,B DIVISION,Q,1,Persons on Trackbed/Police/Medical,1
2022-09-01,3114667,B DIVISION,Q,1,Signals,1
2022-09-01,3114667,B DIVISION,R,1,Stations and Structure,1
2022-10-01,2032983,A DIVISION,1,1,Persons on Trackbed/Police/Medical,1
2022-10-01,2032983,A DIVISION,2,1,Persons on Trackbed/Police/Medical,1
2022-10-01,2032983,A DIVISION,2,1,Signals,1
2022-10-01,2032983,A DIVISION,2,1,Track,1
2022-10-01,2032983,A DIVISION,3,1,Persons on Trackbed/Police/Medical,1
2022-10-01,2032983,A DIVISION,3,1,Track,1
2022-10-01,2032983,A DIVISION,4,1,Persons on Trackbed/Police/Medical,1
2022-10-01,2032983,A DIVISION,4,1,Signals,1
2022-10-01,2032983,A DIVISION,5,1,Stations and Structure,3
2022-10-01,2032983,A DIVISION,5,1,Subway Car,1
2022-10-01,2032983,A DIVISION,6,1,Other,1
2022-10-01,2032983,A DIVISION,6,1,Persons on Trackbed/Police/Medical,2
2022-10-01,2032983,A DIVISION,6,1,Subway Car,1
2022-10-01,2032983,A DIVISION,6,1,Track,1
2022-10-01,2032983,A DIVISION,6,2,Stations and Structure,1
2022-10-01,2032983,A DIVISION,7,1,Other,1
2022-10-01,2032983,A DIVISION,7,1,Persons on Trackbed/Police/Medical,1
2022-10-01,2032983,A DIVISION,7,1,Signals,1
2022-10-01,2032983,A DIVISION,7,1,Track,1
2022-10-01,2032983,A DIVISION,S 42nd,1,Subway Car,1
2022-10-01,2032983,B DIVISION,A,1,Persons on Trackbed/Police/Medical,2
2022-10-01,2032983,B DIVISION,A,2,Track,2
2022-10-01,2032983,B DIVISION,B,1,Subway Car,1
2022-10-01,2032983,B DIVISION,C,1,Signals,1
2022-10-01,2032983,B DIVISION,C,2,Persons on Trackbed/Police/Medical,1
2022-10-01,2032983,B DIVISION,D,1,Persons on Trackbed/Police/Medical,1
2022-10-01,2032983,B DIVISION,E,1,Persons on Trackbed/Police/Medical,1
2022-10-01,2032983,B DIVISION,E,1,Signals,2
2022-10-01,2032983,B DIVISION,E,1,Track,1
2022-10-01,2032983,B DIVISION,F,1,Persons on Trackbed/Police/Medical,1
2022-10-01,2032983,B DIVISION,F,1,Signals,1
2022-10-01,2032983,B DIVISION,F,1,Stations and Structure,1
2022-10-01,2032983,B DIVISION,F,1,Track,1
2022-10-01,2032983,B DIVISION,L,2,Other,1
2022-10-01,2032983,B DIVISION,N,1,Persons on Trackbed/Police/Medical,3
2022-10-01,2032983,B DIVISION,N,1,Signals,1
2022-10-01,2032983,B DIVISION,N,1,Subway Car,1
2022-10-01,2032983,B DIVISION,Q,1,Track,2
2022-10-01,2032983,B DIVISION,R,1,Persons on Trackbed/Police/Medical,1
2022-10-01,2032983,B DIVISION,R,1,Signals,3
2022-11-01,3706707,A DIVISION,1,1,Persons on Trackbed/Police/Medical,3
2022-11-01,3706707,A DIVISION,2,1,Signals,5
2022-11-01,3706707,A DIVISION,2,2,Other,1
2022-11-01,3706707,A DIVISION,3,1,Subway Car,1
2022-11-01,3706707,A DIVISION,4,1,Other,1
2022-11-01,3706707,A DIVISION,4,1,Persons on Trackbed/Police/Medical,4
2022-11-01,3706707,A DIVISION,4,1,Signals,2
2022-11-01,3706707,A DIVISION,4,2,Stations and Structure,1
2022-11-01,3706707,A DIVISION,5,1,Other,1
2022-11-01,3706707,A DIVISION,5,1,Persons on Trackbed/Police/Medical,1
2022-11-01,3706707,A DIVISION,5,1,Signals,2
2022-11-01,3706707,A DIVISION,5,1,Track,1
2022-11-01,3706707,A DIVISION,6,1,Persons on Trackbed/Police/Medical,1
2022-11-01,3706707,A DIVISION,6,1,Stations and Structure,1
2022-11-01,3706707,A DIVISION,7,1,Signals,2
2022-11-01,3706707,A DIVISION,7,1,Track,1
2022-11-01,3706707,B DIVISION,A,1,Subway Car,1
2022-11-01,3706707,B DIVISION,A,1,Track,1
2022-11-01,3706707,B DIVISION,B,1,Persons on Trackbed/Police/Medical,1
2022-11-01,3706707,B DIVISION,B,1,Signals,1
2022-11-01,3706707,B DIVISION,B,1,Track,1
2022-11-01,3706707,B DIVISION,C,2,Persons on Trackbed/Police/Medical,1
2022-11-01,3706707,B DIVISION,D,1,Signals,3
2022-11-01,3706707,B DIVISION,D,1,Stations and Structure,1
2022-11-01,3706707,B DIVISION,D,2,Signals,1
2022-11-01,3706707,B DIVISION,E,1,Signals,2
2022-11-01,3706707,B DIVISION,E,1,Track,2
2022-11-01,3706707,B DIVISION,F,1,Track,1
2022-11-01,3706707,B DIVISION,L,1,Stations and Structure,1
2022-11-01,3706707,B DIVISION,M,1,Other,1
2022-11-01,3706707,B DIVISION,M,1,Track,1
2022-11-01,3706707,B DIVISION,N,1,Signals,1
2022-11-01,3706707,B DIVISION,N,1,Stations and Structure,1
2022-11-01,3706707,B DIVISION,N,1,Subway Car,1
2022-11-01,3706707,B DIVISION,N,1,Track,1
2022-11-01,3706707,B DIVISION,Q,1,Track,1
2022-11-01,3706707,B DIVISION,Q,2,Track,1
2022-11-01,3706707,B DIVISION,R,1,Other,1
2022-11-01,3706707,B DIVISION,R,1,Persons on Trackbed/Police/Medical,1
2022-11-01,3706707,B DIVISION,R,1,Signals,1
